client_id,timestamp,query
14554694,2022-10-15 20:06:40,[240 170 240 207 251 138  16 169 162 254 170 178  36 242 178 178]
14554694,2022-10-15 20:07:00,[174  61  58 154 154  57 102 102 195 167  68  61 195 102 109 241]
2406455,2022-07-12 06:15:30,[250 172  48  48   7 122 145 116  60 122 204 240  60 187 202 127]
11556051,2022-06-29 08:05:55,[251   0  96 230 142  99  70 204 113 150 228  17   6 232  56 165]
11556051,2022-06-29 08:06:00,[ 60 185 170 134 246  75   8 232 113 113 228 188  59  36 113 165]
11556051,2022-06-29 08:06:05,[ 60   0  96 230 190 176  70 204 246 216 190  17  55 232 151 165]
4611762,2022-08-08 08:21:25,[203 242 203 203 203 203 203  59  59 203 203 203 203 203 203 240]
7223104,2022-08-24 08:29:55,[ 18  33 237  33 202  18   8  18 118 216  33  18  75 112 205  89]
3445351,2022-08-08 07:09:00,[180 236 161 161 219 107  89 151 125 206  55  83 204  83  60 156]
3445351,2022-11-24 13:59:20,[160 155  62 171  59   7 235 155 217  62 185 101 185 242   7 237]
3445351,2022-11-24 13:59:50,[114 110 114  21 110 110 110 114 110 110 110 110  21 110 114 243]
3445351,2022-11-24 14:00:05,[114 110 114  21 110 110 110 114 110 110 110 110  21 110 114 243]
3445351,2022-11-24 14:00:20,[255 110  54  54 255  95 110  95  21 110 110 255  21 110  21 243]
3445351,2022-11-24 14:00:25,[255  95 144  54 255  95  95  95  21 110 110  54  21 110  21 243]
3445351,2022-11-24 14:00:50,[255  95  54  54 255  95  95  54  21  95  21  54  21 110  21  21]
3445351,2022-11-24 14:01:05,[255  95  21  54 255  21  95  54  21  95  21  54  21  54  21  21]
3445351,2022-11-24 14:01:15,[ 95  95  21  54 255  95  95  54  21  95  21  54  21  54  21  21]
3445351,2022-11-24 14:01:50,[255  95  54  54 255  95  95  54  21  95  21  54  21 110  21  21]
3445351,2022-11-24 14:01:55,[255 110  54  54 255  95 110  95  21 110 110 255  21 110  21 243]
3445351,2022-11-24 14:02:15,[114 110 114  21 110 110 110 114 110 110 110 110  21 110 114 243]
3445351,2022-11-24 14:02:20,[114 110 114  21 110 110 110 114 110 110 110 110  21 110 114 243]
3445351,2022-11-24 14:02:30,[160 155  62 171  59   7 235 155 217  62 185 101 185 242   7 237]
10015811,2022-09-14 20:26:30,[ 37  37  37  65  37  37 212   5  37  65  37 139  65  37 139  65]
10015811,2022-09-14 20:28:15,[242 190 184 168 184 178  32 184  89 184 184  74 221  22  74 184]
10015811,2022-09-14 20:28:20,[242 190 184 168 184 178  32 184  89 184 184  74 221  22  74 184]
10015811,2022-09-14 20:30:25,[142 164  59 242  59 237 134 221 134 127 151 155  59 134 127  59]
10015811,2022-09-14 20:31:30,[142 164  59 242  59 237 134 221 134 127 151 155  59 134 127  59]
10015811,2022-09-14 20:31:35,[142 164  59 242  59 237 134 221 134 127 151 155  59 134 127  59]
10015811,2022-09-14 20:32:35,[ 18 117  18  74  18  18 248 121  18  18  75  75  74  18  18  18]
10015811,2022-09-14 20:32:40,[ 18 117  18  74  18  18 248 121  18  18  75  75  74  18  18  18]
10015811,2022-09-14 20:34:00,[ 12 208  82  82  51  82  12  82 245 208  82  82 182  43 182  12]
10015811,2022-09-14 20:37:50,[142 164  59 100  18 237 134 221 134 127 151 117 121 141 127  18]
10015811,2022-09-14 20:39:05,[ 18  75  75  75  75  75 248 121  18  75  75  75  75  18  75  75]
10015811,2022-09-14 20:39:20,[ 75  75  75  75  75  75 248  75   8  75  75  75  75  18  75  75]
23345474,2022-08-06 12:09:10,[ 42 151 119 159   8 214  85 218  48  45 242  38 169 155  79  45]
23345474,2022-08-06 12:11:25,[231 245 191 194  91 131 194  52 179 238 224  12  91  73 177 191]
23345474,2022-08-06 12:12:15,[ 78 227 241  77  77 102 174 102 192 102 174  19 109  64 212 102]
23345474,2022-08-07 10:08:25,[ 42 151 119 159   8 214  85 218  48  45 242  38 169 155  79  45]
23345474,2022-08-07 10:09:25,[231 245 191 194  91 131 194  52 179 238 224  12  91  73 177 191]
23345474,2022-08-07 13:15:55,[203 242 203 203 203 203 203  59  59 203 203 203 203 203 203 240]
23345474,2022-08-22 05:54:45,[163 212  64  98 167 163  35 196  27 196 196  78 195  29  64 241]
23345474,2022-08-22 05:55:45,[203 242 203 203 203 203 203  59  59 203 203 203 203 203 203 240]
23345474,2022-08-22 05:56:35,[102 234 210 154 167  35  35 196  11   1 241  37  78 108 241 241]
23345474,2022-09-22 18:37:40,[203 242 203 203 203 203 203  59  59 203 203 203 203 203 203 240]
23345474,2022-09-24 08:11:15,[203 203 203 203 203 203 203 203 246 203 203 203 203 203 203 203]
23345474,2022-09-24 08:11:25,[  5   5 146 146   5   5   5 158 146   5   5   5   5   5 146 146]
23345474,2022-09-24 08:43:30,[203 203 203 203 203 203 203 203 246 203 203 203 203 203 203 203]
23345474,2022-10-19 18:51:00,[203 242 203 203 203 203 203  59  59 203 203 203 203 203 203 240]
23345474,2022-10-20 06:29:50,[203 242 203 203 203 203 203  59  59 203 203 203 203 203 203 240]
23345474,2022-10-21 17:53:10,[ 33  69 242 214 222 188 218  23 142 188 242  74 246   3 135 242]
23345474,2022-10-21 17:53:20,[ 31  20  10 195 158 195 139  68  58  80 212  68  68  20  37  37]
23345474,2022-10-21 17:58:20,[ 31  20  10 195 158 195 139  68  58  80 212  68  68  20  37  37]
23345474,2022-10-21 17:58:20,[ 33  69 242 214 222 188 218  23 142 188 242  74 246   3 135 242]
23345474,2022-10-21 17:58:25,[139 163 210 154 158 195 210 163  58 149 209  37 163 149  37  37]
23345474,2022-10-24 05:26:30,[203 242 203 203 203 203 203  59  59 203 203 203 203 203 203 240]
16189587,2022-12-06 21:59:35,[255  95  21  54  95  95  95  95  21  95  95  54  95  95  21 255]
16189587,2022-12-06 22:02:30,[255  54 154 114  95  81 255  95 148 120 255  95  95  95  21 255]
16189587,2022-12-06 22:02:40,[255  54 154 114  95  81 255  95 148 120 255  95  95  95  21 255]
16189587,2022-12-06 22:02:55,[110 154 154  94  95  81 177 152 148 194  81  95  64 152 110 194]
16189587,2022-12-06 22:03:45,[ 34 194  77  94  43  81 177  26  81 194  81 148  64 194  10 194]
16189587,2022-12-06 22:03:50,[ 92  92  92  92 123 123  92 148  13 148 123 123  92  92  92 152]
16189587,2022-12-06 22:04:20,[154   2  92  92 123 123  92 148  13 123  92 123  92  92  92  92]
16189587,2022-12-06 22:04:45,[160 155  62 171 235   7 235 155 176 176 185 101 206  97   7 237]
16189587,2022-12-06 22:05:30,[160 155  62 171 235   7 235 155 176 176 185 101 206  97   7 237]
16189587,2022-12-06 22:05:35,[160 155  62 171 235   7 235 155 176 176 185 101 206  97   7 237]
16189587,2022-12-06 22:26:05,[203 242 203 203 203 203 203  59  59 203 203 203 203 203 203 240]
16189587,2022-12-06 22:33:45,[203 242 203 203 203 203 203  59  59 203 203 203 203 203 203 240]
16189587,2022-12-06 22:43:50,[203 242 203 203 203 203 203  59  59 203 203 203 203 203 203 240]
16189587,2022-12-06 22:44:25,[203 242 203 203 203 203 203  59  59 203 203 203 203 203 203 240]
326164,2022-08-13 20:57:50,[195 209 149 210 195 210 163 174  65 195 195 195 158  29 195 195]
326164,2022-08-13 20:59:30,[195 209 149 210 195 210 163 174  65 195 195 195 158  29 195 195]
326164,2022-08-13 21:00:45,[197 197 197 109 197 109 197 197 197  98 109  77 158  98  98  77]
326164,2022-08-13 21:01:30,[195 209 149 210 195 210 163 174  65 195 195 195 158  29 195 195]
326164,2022-08-13 21:02:00,[195 209 149 210 195 210 163 174  65 195 195 195 158  29 195 195]
326164,2022-08-13 21:02:05,[195 209 149 210 195 210 163 174  65 195 195 195 158  29 195 195]
326164,2022-08-13 21:05:00,[197 197 197 109 197 109 197 197 197  98 109  77 158  98  98  77]
326164,2022-08-13 21:06:15,[246 246 113 246 246 246 246 119 119 219 246 119 145 119 119 252]
326164,2022-08-13 21:06:35,[246 246 113 246 246 246 246  41 119 119 246 119 145  42 119 252]
13133921,2022-09-06 07:29:45,[203 242 203 203 203 203 203  59  59 203 203 203 203 203 203 240]
13133921,2022-09-06 07:30:15,[203 242 203 203 203 203 203  59  59 203 203 203 203 203 203 240]
13133921,2022-09-30 10:30:45,[203 242 203 203 203 203 203  59  59 203 203 203 203 203 203 240]
3568780,2022-07-19 07:53:45,[236  28  16  59 236   0   0 153   0   0   0   0  59 242   0 240]
3568780,2022-07-19 07:53:45,[150   0 170  86 176 237   0 242   0   0   0   0  55 242   0 240]
3568780,2022-07-19 07:54:10,[150   0 170  86 176 237   0 242   0   0   0   0  55 242   0 240]
7083534,2022-10-11 12:06:50,[181   9 251  41 232 249 206  85 151   9 225 181 251 206 206 232]
7083534,2022-11-04 10:19:20,[ 41 206 206  85 206 236 217 169 236 127 169  99  97 121   8 164]
7083534,2022-11-04 10:19:45,[ 41 206 206  85 206 236 217 169 236 127 169  99  97 121   8 164]
7083534,2022-11-08 10:18:50,[236   9 214  59 251 132 216  85 175 185 236 206 242 170 250  96]
23826056,2022-07-15 12:43:40,[193 252 249 236 232 155  67 236 107  16   9 203 165   8  67 175]
23826056,2022-07-15 12:43:45,[172 206 145 117  28  59  55 236 112  25 236 187 226  14 143  85]
23826056,2022-07-17 17:09:30,[237 240  16 170 236 138 138 121  60 138 138 138  18 164 138 138]
23826056,2022-07-17 17:09:50,[ 36 240  16  59 203 138 138 165 138  48  48 236  59 240 138 138]
23826056,2022-07-19 15:22:59,[ 22  25 107 216  87 136 101   7 235 157 176 157 232 236 206  85]
23826056,2022-07-21 12:09:40,[ 72 175  74  74  74 151 151  74 175  74 151  36 248  74 151 180]
23826056,2022-07-21 12:10:59,[ 72 175  74  74  74 151 151  74 175  74 151  36 248  74 151 180]
23826056,2022-07-21 12:11:00,[ 72 175  74  74  74 151 151  74 175  74 151  36 248  74 151 180]
23826056,2022-07-21 12:11:30,[ 72 175  74  74  74 151 151  74 175  74 151  36 248  74 151 180]
23826056,2022-07-21 12:11:30,[ 72 175  74  74  74 151 151  74 175  74 151  36 248  74 151 180]
23826056,2022-07-21 12:12:35,[ 72 175  74  74  74 151 151  74 175  74 151  36 248  74 151 180]
23826056,2022-07-21 12:12:35,[ 72 175  74  74  74 151 151  74 175  74 151  36 248  74 151 180]
